{
  "United States - AKGD": 0.0004887,
  "United States - AKMS": 0.000229,
  "United States - AZNM": 0.0004758,
  "United States - CAMX": 0.0002403,
  "United States - ERCT": 0.00045999999999999996,
  "United States - FRCC": 0.00046100000000000004,
  "United States - HIMS": 0.0005256,
  "United States - HIOA": 0.0007599999999999999,
  "United States - MROE": 0.0007618,
  "United States - MROW": 0.0005658,
  "United States - NEWE": 0.00025580000000000004,
  "United States - NWPP": 0.0002972,
  "United States - NYCW": 0.00028900000000000003,
  "United States - NYLI": 0.000538,
  "United States - NYUP": 0.0001343,
  "United States - RFCE": 0.00034560000000000005,
  "United States - RFCM": 0.0005801000000000001,
  "United States - RFCW": 0.0005677000000000001,
  "United States - RMPA": 0.0006246,
  "United States - SPNO": 0.0006452000000000001,
  "United States - SPSO": 0.0005692000000000001,
  "United States - SRMV": 0.00038199999999999996,
  "United States - SRMW": 0.0007358,
  "United States - SRSO": 0.0004968,
  "United States - SRTV": 0.0005409,
  "United States - SRVC": 0.0003675,
  "Albania": 7.2000000000000005e-06,
  "Algeria": 0.0005569,
  "Angola": 0.0003911,
  "Argentina": 0.0003904,
  "Armenia": 0.00012350000000000002,
  "Aruba": 0.0006231,
  "Australia - New South Wales & ACT": 0.00082,
  "Australia - Northern Territory": 0.00064,
  "Australia - Queensland": 0.0008,
  "Australia - South Australia": 0.0005099999999999999,
  "Australia - Tasmania": 0.00018999999999999998,
  "Australia - Victoria": 0.00107,
  "Australia - Western Australia": 0.0007,
  "Australia - Country Average": 0.0008,
  "Austria": 0.0002157,
  "Azerbaijan": 0.0004581,
  "Bahamas": 0.0006231,
  "Bahrain": 0.0006016,
  "Bangladesh": 0.0005654,
  "Barbados": 0.0006231,
  "Belarus": 0.0004426,
  "Belgium": 0.00019690000000000002,
  "Benin": 0.0007251,
  "Bermuda": 0.0006231,
  "Bolivia": 0.0004335,
  "Bosnia-Herzegovina": 0.0009789,
  "Botswana": 0.0017901,
  "Brazil": 9.31e-05,
  "Brunei": 0.0007181,
  "Bulgaria": 0.0005952999999999999,
  "Cambodia": 0.0007955,
  "Cameroon": 0.00020009999999999998,
  "Canada - Alberta": 0.0007639999999999999,
  "Canada - British Columbia": 1.11e-05,
  "Canada - Manitoba": 1.9e-06,
  "Canada - New Brunswick": 0.000332,
  "Canada - Newfoundland and Labrador": 3.73e-05,
  "Canada - Northwest Territories": 0.0001992,
  "Canada - Nova Scotia": 0.0006835,
  "Canada - Nunavut": 0.0007099999999999999,
  "Canada - Ontario": 3.5499999999999996e-05,
  "Canada - Prince Edward Island": 2.52e-05,
  "Canada - Quebec": 1.2e-06,
  "Canada - Saskatchewan": 0.0006572,
  "Canada - Yukon": 4.61e-05,
  "Canada - National Average": 0.00014110000000000001,
  "Cayman Islands": 0.0006231,
  "Chile": 0.00044239999999999997,
  "China": 0.0007699,
  "Colombia": 0.00010859999999999998,
  "Congo": 0.0002331,
  "Costa Rica": 6.4e-05,
  "C\u00f4te d'Ivoire": 0.0004375,
  "Croatia": 0.0003382,
  "Cuba": 0.0009583,
  "Cyprus": 0.0007352,
  "Czech Republic": 0.0005944,
  "Democratic Republic of Congo": 3e-06,
  "Denmark": 0.00031779999999999997,
  "Dominican Republic": 0.0007472000000000001,
  "Ecuador": 0.0003463,
  "Egypt": 0.00045789999999999996,
  "El Salvador": 0.0002445,
  "Eritrea": 0.0008523,
  "Estonia": 0.0010949000000000002,
  "Ethiopia": 7.000000000000001e-06,
  "Finland": 0.0001921,
  "France": 6.13e-05,
  "Gabon": 0.00037880000000000005,
  "Georgia": 0.0001022,
  "Germany": 0.0004795,
  "Ghana": 0.0002156,
  "Gibraltar": 0.0007564,
  "Greece": 0.0007237999999999999,
  "Guam": 0.0006231,
  "Guatemala": 0.0002883,
  "Haiti": 0.0003849,
  "Honduras": 0.0003724,
  "Hong Kong": 0.0007739,
  "Hungary": 0.00031889999999999995,
  "Iceland": 0.0,
  "India": 0.0008300000000000001,
  "Indonesia": 0.0007581,
  "Iran": 0.0005792999999999999,
  "Iraq": 0.0009062000000000001,
  "Ireland": 0.0004297,
  "Israel": 0.0007314,
  "Italy": 0.00040389999999999995,
  "Jamaica": 0.0006231,
  "Japan": 0.0004986000000000001,
  "Jordan": 0.0006402000000000001,
  "Kazakhstan": 0.00043789999999999996,
  "Kenya": 0.0002951,
  "Kuwait": 0.0007897000000000001,
  "Kyrgyzstan": 4.5600000000000004e-05,
  "Latvia": 0.0001372,
  "Lebanon": 0.0007104,
  "Libya": 0.0006389999999999999,
  "Lithuania": 0.0002705,
  "Luxembourg": 0.0003887,
  "Macau": 0.0007699,
  "Macedonia": 0.0008187999999999998,
  "Malaysia": 0.0006896,
  "Malta": 0.0008671,
  "Mexico": 0.0004511,
  "Moldova": 0.0004902,
  "Monaco": 6.13e-05,
  "Mongolia": 0.0008395,
  "Morocco": 0.0007338,
  "Mozambique": 4.1e-06,
  "Myanmar": 0.0002565,
  "Namibia": 2.71e-05,
  "Nepal": 1.1e-06,
  "Netherlands": 0.00040569999999999994,
  "Netherlands Antilles": 0.0007115,
  "New Zealand": 0.0001413,
  "Nicaragua": 0.00047460000000000004,
  "Nigeria": 0.0004339,
  "North Korea": 0.0004774,
  "Norway": 1.3000000000000001e-05,
  "Oman": 0.0007422,
  "Pakistan": 0.00041139999999999997,
  "Panama": 0.0003584,
  "Papua New Guinea": 0.0007581,
  "Paraguay": 0.0,
  "Peru": 0.0002975,
  "Philippines": 0.0004947,
  "Poland": 0.0007848,
  "Portugal": 0.0003055,
  "Puerto Rico": 0.0006231,
  "Qatar": 0.0004906000000000001,
  "Romania": 0.0005027,
  "Russia": 0.0004393,
  "Saipan": 0.0006231,
  "Saudi Arabia": 0.0007561,
  "Senegal": 0.0006922,
  "Serbia": 0.0007898,
  "Singapore": 0.0005032,
  "Slovakia": 0.00020099999999999998,
  "Slovenia": 0.0003409,
  "South Africa": 0.0008740999999999999,
  "South Korea": 0.0005472000000000001,
  "Spain": 0.0002931,
  "Sri Lanka": 0.0004713,
  "Sudan": 0.00020569999999999999,
  "Sweden": 1.7199999999999998e-05,
  "Switzerland": 2.9999999999999997e-05,
  "Syria": 0.0006044,
  "Taiwan": 0.0006035,
  "Tajikistan": 1.2e-05,
  "Tanzania": 0.00028839999999999996,
  "Thailand": 0.000524,
  "Togo": 0.0002091,
  "Trinidad and Tobago": 0.0005064000000000001,
  "Tunisia": 0.00045599999999999997,
  "Turkey": 0.0004742,
  "Turkmenistan": 0.0009841000000000001,
  "UAE": 0.0006007,
  "Uganda": 0.00028839999999999996,
  "Ukraine": 0.0004532,
  "United Kingdom": 0.00028310000000000005,
  "Uruguay": 0.0001972,
  "Uzbekistan": 0.0005606,
  "Venezuela": 0.0002345,
  "Vietnam": 0.00043049999999999995,
  "Yemen": 0.0006374,
  "Zambia": 3e-06,
  "Zimbabwe": 0.0003611
}